identifier,Qidentifier,hierarcylevel,type,prefLabel,altLabel,translation,description,parent,parentQ,related,relatedQ,source,creator,closeMatch,relatedMatch,seeAlso,example
B51DAF,Q12,0,Q2,Werkstoff,Material|Objektmaterial,,Material aus dem das Objekt besteht.,top,,,,,Q7|Q8,http://terminology.lido-schema.org/lido00132,,,https://n4o-ta4-dev.wikibase.cloud/wiki/Item:Q12
B5DD1A,,1,Q2,Metall,Metalle,metal@en|mÃ©tal@fr,Gruppe chemischer Elemente,B51DAF,Q12,,,,Q7|Q8,http://www.wikidata.org/entity/Q11426 |http://vocab.getty.edu/page/aat/300010900 |https://cameo.mfa.org/wiki/Metal| https://d-nb.info/gnd/4038860-8 ,,,
FGA46A,,2,Q2,Edelmetall,Edelmetalle,nobel metal@en,"chemisches Element. Seltenes, korrosionsbestÃ¤ndiges Metall, das aufgrund seiner chemischen Eigenschaften und Ã¤sthetischen QualitÃ¤ten hochgeschÃ¤tzt wird. ",B5DD1A,,,,,Q7|Q8,https://www.wikidata.org/wiki/Q585302| http://vocab.getty.edu/page/aat/300241621 |http://d-nb.info/gnd/4013531-7 ,,,
FD5149,,3,Q2,Gold,,gold@en,"chemisches Element mit dem Symbol Au und der Ordnungszahl 79 im Periodensystem. Es ist ein edles Metall von gelber Farbe, das wegen seiner Seltenheit, BestÃ¤ndigkeit gegen Korrosion und seiner Verwendung in Schmuck und Prestigeobjekten verwendet wurde.",FGA46A,,DC5B2B,,,Q7|Q8,https://www.wikidata.org/wiki/Q897|https://cameo.mfa.org/wiki/Gold|http://vocab.getty.edu/page/aat/300011021 | http://d-nb.info/gnd/4157819-3 ,,,
DC5B2B,,3,Q2,Goldlegierung,Goldlegierungen,gold alloy@en,Legierung mit Gold als Hauptbestandteil,FGA46A,,FD5149,,,Q7|Q8,https://www.wikidata.org/wiki/Q37136268 |http://vocab.getty.edu/page/aat/300010963 |http://d-nb.info/gnd/4157867-3 ,,,
F135A8,,3,Q2,Silber,,silver@en,"chemisches Element, hellgraues, weiches Metall. Kommt in der Natur sowohl gediegen, als auch in Form von Mineralen vor. ",FGA46A,,AD789F,,,Q7|Q8,https://www.wikidata.org/wiki/Q1090 | http://vocab.getty.edu/page/aat/300011029 | http://d-nb.info/gnd/4133759-1 ,,,
AD789F,,3,Q2,Silberlegierung,Silberlegierungen,silver alloy@en,Legierung mit Silber als Hauptbestandteil,FGA46A,,F135A8,,,Q7|Q8,https://www.wikidata.org/wiki/Q52895784|http://vocab.getty.edu/page/aat/300010975| http://d-nb.info/gnd/4181330-3,,,
BBF566,,2,Q2,unedles Metal,unedle Metalle,base metal@en,"Metalle, die aufgrund ihres hohen LÃ¶sungsdrucks, unter Normalbedingungen zur Korrosion neigen",B5DD1A,,,,,Q7|Q8,https://www.wikidata.org/wiki/Q428855|http://vocab.getty.edu/page/aat/300241615|http://d-nb.info/gnd/4583082-4,,,
F71C6B,,3,Q2,Eisen,Fe,iron@en|fer@fr,"chemisches Element, silber-graues, hartes Metall. Kommt in der Natur selten als gediegenes Metall vor (auÃer in Meteoriten), wird hÃ¤ufiger aus Eisenerzen verhÃ¼ttet. ",BBF566,,BC75G1,,https://cameo.mfa.org/wiki/Iron,Q7|Q8,https://www.wikidata.org/wiki/Q677|http://vocab.getty.edu/page/aat/300011002|http://d-nb.info/gnd/4014002-7,,,
BC75G1,,3,Q2,Eisenlegierung,,iron alloy@en,Legierung mit Eisen als Hauptbestandteil. ,BBF566,,F71C6B,,,Q7|Q8,http://vocab.getty.edu/page/aat/300010904|http://d-nb.info/gnd/4014081-7,,,
GB5BGF,,3,Q2,Buntmetall,,nonferrous metal@en,"Sammelbegriff fÃ¼r farbige Metalle, auÃer Eisen und Edelmetalle. Sie zeichnen sich durch ihre Farbvielfalt aus und werden oft fÃ¼r ihre spezifischen Eigenschaften wie HÃ¤rte, KorrosionsbestÃ¤ndigkeit und elektrische LeitfÃ¤higkeit geschÃ¤tzt.",BBF566,,,,,,,,,
B28FA6,,4,Q2,Kupfer,Cu|reines Kupfer,copper@en,"chemisches Elemten, rot-brÃ¤unliches Metall. Auch als ""Halbedelmetall"" bezeichnet. Kommt in der Natur in gediegener Form und als Erz vor. Erstes Metall, dass von den Menschen gezielt bearbeitet wurde.",GB5BGF,,,,https://cameo.mfa.org/wiki/Copper,Q7|Q8,http://vocab.getty.edu/page/aat/300011020|https://www.wikidata.org/wiki/Q753|http://d-nb.info/gnd/4033734-0,,,
G992B6,,4,Q2,Blei,,lead@en,"Chemisches Element, silber-grÃ¤uliches, weiches Metall. GehÃ¶rt zur Gruppe der Schwermetalle und wirkt giftig auf den menschlichen KÃ¶rper. Kommt in der Natur seltener in gediegener Form vor. Wurde in der Antike sowohl fÃ¼r eigenstÃ¤ndige Objektherstellung, als auch in Pigmenten und Glazuren sowie Legierungen mit anderen Metallen verwendet.",A82D86,,,,https://cameo.mfa.org/wiki/Lead,Q7|Q8,https://www.wikidata.org/wiki/Q708|http://vocab.getty.edu/page/aat/300011022,,,
G8AG1C,,4,Q2,Zink,,zinc@en,"chemisches Element, weiÃ-blÃ¤uliches Metall, Kommt seltenen in gediegener Form, gebunden in Erzen jedoch recht hÃ¤ufig auf der Erse vor. In der Antike wurde es vor allem als Legierungsbestandteil, erst spÃ¤ter auch in reiner Form oder als Beschichtung verarbeitet. In oxidischer Form ist Zink unter anderem auch in Pigmenten enthalten.",A82D86,,,,https://cameo.mfa.org/wiki/Zinc,Q7|Q8,http://vocab.getty.edu/page/aat/300011037| https://www.wikidata.org/wiki/Q758,,,
G78BD6,,4,Q2,Zinn,,tin@en,"Chemisches Elemtent, silberweiÃes, sehr weiches Metall. GehÃ¶rt zur Gruppe der Schwermetalle. Wurde in der Antike hauptsÃ¤chlich als Legierungsbestandteil von (Zinn-)Bronze, spÃ¤ter auch als reines Metall (v.a. fÃ¼r Geschirr und kleinere Kultobjekte), Beschichtungen und Lote verwendet.",A82D86,,,,https://de.wikipedia.org/wiki/Zinn,Q7|Q8,http://vocab.getty.edu/page/aat/300133748| https://www.wikidata.org/wiki/Q1096| https://cameo.mfa.org/wiki/Tin,,,
A82D86,,3,Q2,Buntmetalllegierung,Buntmetall,,"Sammelbezeichnung fÃ¼r farbige Legierungen mit schweren Nichteisenmetallen als Hauptbestandsteile. Wird in der archÃ¤ologischen Restaurierung hauptsÃ¤chlich als allgemeiner Oberbegriff fÃ¼r kupferhaltige Objektwerkstoffe verwendet, solange keine eindeutige Materialanalyse durchgefÃ¼hrt wurde",BBF566,,,,,Q7|Q8,https://www.wikidata.org/wiki/Q355809|http://vocab.getty.edu/page/aat/300011014 ,,,
FGB415,,4,Q2,Kupferlegierung,Kupferlegierungen,copper alloy@en,Legierung mit Kupfer als Hauptbestandteil,A82D86,,,,,Q7|Q8,https://www.wikidata.org/wiki/Q518350|http://vocab.getty.edu/page/aat/300010942,,,
BF7D14,,5,Q2,Bronze,Zinnbronze|Bronzen,bronze@en,"Kupferlegierung mit Zinn als zweiter Hauptbestandteil. Moderne Bronzen weisen in der Regel genormte Zusammensetzungen und gezielte Legierungsbestandteile auf. In historischen Bronzen finden sich, je nach Zeitstellung und Kultur, unter UmstÃ¤nden sehr unterschiedliche Zusammetzungen und andere Bestandteile, wie Zink, Silber, Blei, Antimon, Arsen, etc. Zur eindeutigen metallurgischen Bestimmung wird der Begriff Bronze hÃ¤ufig zusammen mit dem vorangestellten Hauptlegierungszusatz verwendet (Bleibronze, Arsenbronze, usw.). Bronze kann, je nach Legierungszusammensetzung, eine gelb-golde, rÃ¶tliche bis weiÃliche FÃ¤rbung aufweisen",FGB415,,,,https://cameo.mfa.org/wiki/Bronze,Q7|Q8,http://vocab.getty.edu/page/aat/300010957,https://www.wikidata.org/wiki/Q34095,,
A8B271,,5,Q2,Messing,,brass@en,"Kupferlegierung mit Zink als zweiter Hauptbestandteil in unterschiedlichen Massenanteilen. Weitere Legierungsbestandteile kÃ¶nnen zur Einstellung bestimmter Eigenschaften zugegeben sein. Messing kann, je nach Legierungszusammensetzung, eine hellgelbe, goldene bis brÃ¤unliche FÃ¤rbung aufweisen.",FGB415,,,,https://cameo.mfa.org/wiki/Brass,Q7|Q8,https://www.wikidata.org/wiki/Q39782|http://vocab.getty.edu/page/aat/300010946,,,
A9CCG4,,5,Q2,Rotguss,Maschinenbronze|Rotmessing,red brass@en,Kupfer-Zinn-Zink-Blei-Legierung mit auffallend roter Farbe und guter GieÃfÃ¤higkeit (daher die Namengebung).,FGB415,,,,https://de.wikipedia.org/wiki/Rotguss,Q7|Q8,https://www.wikidata.org/wiki/Q901715|http://vocab.getty.edu/page/aat/300133706 ,,,
B93G16,,5,Q2,Tombak,,tombac@en,"Kupfer-Zinn Legierung, mit hohem Kupferanteil. Ãhnlich dem Messing, aber durch den hÃ¶heren Kupferanteil von deutlich rÃ¶tlicherer Farbe.",FGB415,,,,https://www.wikidata.org/wiki/Q756257,Q7|Q8,http://d-nb.info/gnd/4745413-1|http://vocab.getty.edu/page/aat/300196199|https://cameo.mfa.org/wiki/Tombac,,,
F387GB,,4,Q2,Bleilegierung,,lead alloy@en,Legierung mit Blei als Hauptbestandteil.,A82D86,,G992B6,,,Q7|Q8,http://d-nb.info/gnd/4145917-9|http://vocab.getty.edu/page/aat/300010932|https://cameo.mfa.org/wiki/Lead_alloys ,,,
G6A358,,4,Q2,Zinnlegierung,,tin alloy@en,Legierung mit Zinn als Hauptbestandteil,A82D86,,G78BD6,,,Q7|Q8,http://d-nb.info/gnd/4190903-3| https://www.wikidata.org/wiki/Q9346089| http://vocab.getty.edu/page/aat/300010978 | https://cameo.mfa.org/wiki/Tin_alloys ,,,
F15DFD,,4,Q2,Zinklegierung,,zinc alloy@en,Legierung mit Zink als Hauptbestandteil,A82D86,,G8AG1C,,,Q7|Q8,https://www.wikidata.org/wiki/Q204835| http://vocab.getty.edu/page/aat/300011000 | http://d-nb.info/gnd/4190861-2 | https://cameo.mfa.org/wiki/Zinc_alloys ,,,
CD3341,,1,Q2,Organik,organisches Material,organic@en,"Allgemeiner Sammelbegriff fÃ¼r natÃ¼rlich von Organismen gebildete Stoffe meist tierisch- oder pflanzlichen Ursprungs. Werden durch biologische Mechanismen im Boden abgebaut, wodurch archÃ¤ologische Objekte aus organischen Materialien nur unter besonderen Bedingungen, die deren fortschreitende Zersetzung verlangsamen oder verhindern, erhalten bleiben. ",B51DAF,Q12,,,,Q7|Q8,http://vocab.getty.edu/page/aat/300011792|https://cameo.mfa.org/wiki/Organic,https://www.wikidata.org/wiki/Q1783121,,
DD9C25,,2,Q2,Pflanzenfasern,,,,CD3341,,,,,,,,,
AB4988,,2,Q2,Textil,Stoff,textile@en,"Ein in verschiedenen Verfahren aus natÃ¼rlichen oder synthetischen Fasern hergestelltes, rÃ¤umliches Gebilde. ",CD3341,,,,https://www.wikidata.org/wiki/Q28823,Q7|Q8,https://cameo.mfa.org/wiki/Textile,,,
D73F9B,,2,Q2,Leder,,leather@en,Durch chemische Bearbeitung (Gerbung) haltbar gemachte Tierhaut.  ,CD3341,,,,https://www.wikidata.org/wiki/Q286,Q7|Q8,https://cameo.mfa.org/wiki/Leather|http://vocab.getty.edu/page/aat/300011845,,,
A9A858,,2,Q2,Holz,,,"natÃ¼rliches Material, hauptsÃ¤chlich bestehend aus Zellulosefasern, Lignin und anderen organischen Bestandteilen. Holz ist aufgrund seiner Festigkeit, Vielseitigkeit und VerfÃ¼gbarkeit ein wichtiger Rohstoff fÃ¼r Bau-, MÃ¶bel- und Kunsthandwerksanwendungen.",CD3341,,,,,Q7|Q8,,,,
C47769,,3,Q2,rezentes Holz,,,"Holz, das aus jÃ¼ngsten oder aktuellen BaumstÃ¤mmen oder Baumarten gewonnen wurde und im Vergleich zu archÃ¤ologischem Holz kaum Abbauprozessen ausgesetzt war.",A9A858,,,,,Q7|Q8,,,,
C947B5,,3,Q2,archÃ¤ologisches Holz,Nassholz,wet-wood@en,"Holz aus archÃ¤ologischem Kontext. Damit sich Holz wÃ¤hrend der Bodenlagerung erhÃ¤lt, sind wassergesÃ¤ttigte und sauerstoffarme Bodenbedingungen nÃ¶tig. WÃ¤hrend Holz als organisches Material unter normalen Bedingungen in relativ kurzer Zeit verrottet, indem die chemischen Bestandteile von Mikroorganismen wie Pilzen und Bakterien sowie tierischen SchÃ¤dlingen angegriffen und zersetzt werden, wird die Holzsubstanz unter sauerstofffreien oder zumindest sauerstoffreduzierten Bedingungen nur von anaeroben Bakterien zersetzt. Bei den Zersetzungsprozessen werden Cellulose und Hemicellulose nach und nach abgebaut, wÃ¤hrend das LigningerÃ¼st oftmals weitestgehend erhalten bleibt. Die geschÃ¤digten und geschwÃ¤chten Zellen werden durch Wasser ausgefÃ¼llt und sorgt dafÃ¼r, dass die ursprÃ¼ngliche Form des Holzartefakt erhalten bleibt.",A9A858,,,,https://www.wikidata.org/wiki/Q126616214,Q7|Q8,,,,
DFG875,,3,Q3,[Holzart],,,,A9A858,,,,,Q7|Q8,,,,
B626A3,,2,Q2,Bein,Knochen,bone@en,Oberbegriff fÃ¼r Werkstoffe aus Knochenmaterial. Bein gehÃ¶rt zu den Ã¤ltesten von Menschen intenionell bearbeiteten Materialien. ,CD3341,,,,,Q7|Q8,,,,
BBC26F,,2,Q2,Horn,,,,CD3341,,,,,Q7|Q8,,,,
B8B69D,,2,Q2,Bernstein,,,"Fossiles Harz von prÃ¤historischen BÃ¤umen, das Ã¼ber Millionen von Jahren polymerisiert und mineralisiert wurde. Als archÃ¤ologisches Objekt ist Bernstein besonders wertvoll, da er oft organische EinschlÃ¼sse wie Insekten oder Pflanzen enthÃ¤lt, die wichtige Informationen Ã¼ber die Umwelt und Lebensbedingungen frÃ¼herer Epochen liefern.",CD3341,,,,https://de.wikipedia.org/wiki/Bernstein,Q7|Q17/Q8,,,,
GB6DF3,,1,Q2,Silikat,silikatische Materialien|mineralische Materialien,,Oberbegriff fÃ¼r Werkstoffe aus anorganischen SiO2 Verbindungen. ,B51DAF,Q12,,,,Q7|Q8,http://www.wikidata.org/entity/Q7130787,,,
A11ACA,,2,Q2,Keramik,,ceramic@en,"anorganischer, nicht-metallischer, durch das Brennen von Ton hergestellter Werkstoff",GB6DF3,,,,,Q7|Q8,http://vocab.getty.edu/page/aat/300235507|http://www.wikidata.org/entity/Q45621|https://cameo.mfa.org/wiki/Ceramic,,,
DA2D73,,2,Q2,Glas,,glas@en,"anorganischer, amorpher Silizium-Feststoff, der durch schnelles AbkÃ¼hlen einer Schmelze erzeugt wird. GlÃ¤ser bestehen in der Rege aus Glasbildner (Quarzsand (SIO2)), Flussmittel (z.B. Soda (NA2O) oder Pottasche (K2O)) und Stabilisatoren (z.B. Calciumoxid (CaO) oder Calciumcarbonat (CaCO3))",GB6DF3,,,,https://cameo.mfa.org/wiki/Glass,Q7|Q8,http://vocab.getty.edu/page/aat/300010797,https://www.wikidata.org/wiki/Q11469,,
D866AD,,2,Q2,Gestein,Mineral|Stein,mineral@en|stone@en,"mehr oder weniger verfestigter Werkstoff aus mikroskopisch heterogenen Gemischen von Mineralen, GesteinsbruchstÃ¼cken, organischen und/oder anorganischen Ausscheidungen und Wasser (Kristallwasser). Hauptgemengeteile bilden Minerale wie Silikate (Feldspat, Quarz, Glimmer, etc.) und Karbonate (Calcit, Dolomit, etc.).",GB6DF3,,,,https://de.wikipedia.org/wiki/Gestein,Q7|Q8,https://cameo.mfa.org/wiki/Stone|https://www.wikidata.org/wiki/Q8063|https://cameo.mfa.org/wiki/Rock,http://vocab.getty.edu/page/aat/300011176,,
C4BCF8,,0,Q2,Zustandserfassung,Zustandserhebung,Condition assessment@en,methodischen Untersuchung zur Ermittlung und EinschÃ¤tzung des Erhaltungszustandes eines Objektes zu einem definierten Zeitpunkt ,top,,,,http://www.wikidata.org/entity/Q125400047,Q7|Q8,http://terminology.lido-schema.org/lido00931,,,
DBC278,,1,Q2,Bisherige Lagerung,,,"chronologischer Verbleib und die Aufbewahrung von Artefakten seit ihrer Entdeckung oder Ausgrabung bis zur gegenwÃ¤rtigen Zeit. Diese Aufzeichnungen umfassen Informationen Ã¼ber Fundort, Datum der Entdeckung, frÃ¼here Ausstellungen, Lagerungsbedingungen",C4BCF8,,,,,Q7|Q8,,,,
C7C3B7,,2,Q2,Frischfund,,,Das Objekt wurde im direkten Anschluss seiner Bergung von der Grabung in die Restaurierungswerkstatt eingeliefert,DBC278,,,,,Q7|Q8,,,,
F9GB13,,3,Q2,Blockbergung,,,Bergung des Objektes mit dem umgebenden Erdreich en-block,C7C3B7,,,,,Q7|Q8,,,,
G4AG5C,,3,Q2,Scherbenpflaster,,,Bergung der einzelnen Scherben/Fragmente des Objektes unter Erhaltung der in-situ AnschlÃ¼sse zwischen den Fragmenten,C7C3B7,,,,,Q7|Q8,,,,
FAG415,,3,Q2,Einzelentnahme,,,Einzelne Entnahme des Objektes/einzelner Fragmente aus dem Boden,C7C3B7,,,,,Q7|Q8,,,,
FC3322,,2,Q2,Ausstellungsentnahme,,,Das Objekt war ausgestellt und wurde zur Bearbeitung aus der Ausstellung/der Vitirine entnommen.,DBC278,,,,,,,,,
F52262,,2,Q2,Depotlagerung,,,Das Objekt wurde bis zur Einlieferung in die Restaurierungswerkstatt im Museumsdepot aufbewahrt,DBC278,,,,,Q7|Q8,,,,
A8ABBA,,2,Q2,klimatisierte Lagerung,,,,DBC278,,,,,Q7|Q8,,,,
C948F2,,3,Q2,Gefrierschrank,,,,A8ABBA,,,,,Q7|Q8,,,,
D21459,,3,Q2,KÃ¼hlschrank,,,,A8ABBA,,,,,Q7|Q8,,,,
C2241C,,3,Q2,Klimaraum,Klimakammer,,,A8ABBA,,,,,Q7|Q8,,,,
A2BB42,,3,Q2,klimatisierte Individualverpackung,Klimakiste| Klimabox,,,A8ABBA,,,,,Q7|Q8,,,,
G79CA9,,2,Q2,unklimatisierte Lagerung,,,,DBC278,,,,,Q7|Q8,,,,
CA1BC5,,1,Q2,Objektuntersuchung,,investigation@en|examination@en,"Beschaffung und Sammlung von Informationen Ã¼ber den Zustand eines Objektes, anhand derer das Restaurierungs-/Konservierungskonzept und/oder die weiteren Lagerungs- und Handhabungsempefehlungen formuliert werden",C4BCF8,,,,http://www.wikidata.org/entity/Q125400047,Q7|Q8,,http://vocab.getty.edu/page/aat/300137546|http://vocab.getty.edu/page/aat/300226216,,
BC5B57,,2,Q3,[Untersuchungsergebnisse],Diagnose,examination results@en|results@en|diagnosis@en,strukturierender Sammelbegriff fÃ¼r die Benennung der bei der Objektuntersuchung festgestellten Beobachtungen und Auswertungen hinsichtlich der Gesamtbeschaffenheit des Objektes und dessen Ursache,CA1BC5,,,,https://www.wikidata.org/wiki/Q125400047,Q7|Q8,,http://vocab.getty.edu/page/aat/300137593,,
F964CG,,3,Q2,Schadensursache,Abbaufaktor|schÃ¤dlicher Einfluss,Cause of damage@en,FÃ¼r die BeschÃ¤digung/den Abbau als ursÃ¤chlich angesehene negative BeeintrÃ¤chtigung eines Objektes,BC5B57,,DAC996,,http://www.wikidata.org/entity/Q125400047,Q7|Q8,,,DIN EN 15898:2020-02,
GCCD95,,4,Q2,Schadstoffe,,,"BeschÃ¤digung des Objektes, durch Emmision von schÃ¤dlichen Stoffen im direkten Umfeld des Objektes (Verpackungsmaterial, Vitrinen, etc.) oder durch emmitierende Stoffe, die zur Bearbeitung des Objektes selbst Verwendung fanden. ",F964CG,,,,,Q7|Q8,,,,
AA819F,,4,Q2,Licht,,,licht- bzw. beleuchtungsinduzierte BeschÃ¤digung des Objektes,F964CG,,,,,Q7|Q8,,,,
A379F4,,4,Q2,Materialbeschaffenheit,,,"Das Objekt weist SchÃ¤den auf, die auf die innere Struktur des Materials zurÃ¼ckzufÃ¼hren sind.",F964CG,,,,,Q7|Q8,,,,
CC2F9C,,4,Q2,antike BeschÃ¤digung,,,"Schaden, der bereits vor der Bodenlagerung entstanden ist und demnach zur historischen Objektbiographie des Objektes zÃ¤hlt. Solche SchÃ¤den liefern wichtige Hinweise zu Herstellungstechnik und Verwendung, gehÃ¶ren somit zur wissenschaftlichen Aussagekraft des Objektes und dÃ¼rfen nicht entfernt werden.",F964CG,,,,,Q7|Q8,,,,
C7861C,,5,Q2,Herstellung,,,"Das Objekt zeigt SchÃ¤den, die auf seine antike Herstellung zurÃ¼ck zu fÃ¼hren sind. ",CC2F9C,,,,,Q7|Q8,,,,
D2C2A9,,5,Q2,Gebrauch,Verwendung,,"Das Objekt zeigt SchÃ¤den, die auf seine ursprÃ¼ngliche Verwendung zurÃ¼ck zu fÃ¼hren sind.",CC2F9C,,,,,Q7|Q8,,,,
F968G3,,4,Q2,Bodenlagerung,,,"BeschÃ¤digung, die durch Einwirkungen auf ein Objekt wÃ¤hrend der Bodenlagerung verursacht wurde. (Erddruck, Besiedelung, etc.)",F964CG,,,,,Q7|Q8,,,,
GBDG4D,,4,Q2,Bergung,,,"BeschÃ¤digung, die durch den Umgang mit dem Objekt bei der Ausgrabung entstanden ist. ",F964CG,,,,,Q7|Q8,,,,
DD3A3D,,4,Q2,Transport,,,"Schaden, der durch einen Transport des Objektes verursacht wurde.",F964CG,,,,,Q7|Q8,,,,
FB7C46,,4,Q2,Lagerung,,,"BeschÃ¤digung des Objektes, die auf unpassende Lagerungsbedingungen zurÃ¼ck zu fÃ¼hren ist.",F964CG,,,,,Q7|Q8,,,,
G1GA5F,,4,Q2,Biologische ZerstÃ¶rung,Biologischer Befall,,"Durch Einwirkung von biologischen Organismen (Pflanzen, Tieren, Mikroorganismen) auf oder in einem Objekt verursachte BeschÃ¤digung",F964CG,,,,,Q7|Q8,,,,
C473B4,,4,Q2,Vorherige Bearbeitung,Altrestaurierung,,"SchadensphÃ¤nomen, das durch eine (oder mehrere) vorangegangene Restaurierungs-/Konservierungs-MaÃnahme oder andere Bearbeitung verursacht wurde",F964CG,,,,,Q7|Q8,,,,
GGD66G,,4,Q2,Wasser,Ãberschwemmung|Wassereinbruch,,Durch den Kontakt zu Wasser herbeigefÃ¼hrte SchÃ¤den an einem Objekt,F964CG,,,,,Q7|Q8,,,,
D171FF,,4,Q2,Feuer,Brand,,Durch einen Brand bzw. den Kontakt zu Feuer/Hitze herbeigefÃ¼hrte SchÃ¤den an einem Objekt,F964CG,,,,,Q7|Q8,,,,
B2ADB6,,4,Q2,Vandalismus,anthropogene SchÃ¤digung,,Durch Menschen mutwillig herbeigefÃ¼hrte SchÃ¤digung eines Objektes,F964CG,,,,,Q7|Q8,,,,
C64BC8,,4,Q2,Klimabedingungen,Klima,,"SchadensphÃ¤nomen, das durch klimatische Faktoren verursacht oder verschlimmert wird (Feuchtigkeit und Temperatur, bzw. deren Schwankungen)",F964CG,,,,,Q7|Q8,,,,
FAFCF5,,4,Q2,mechanische Beanspruchung,Abnutzung| VerschleiÃ,,Durch mechanische Einwirkung hervorgerufene kumulative SchÃ¤digung des Objektes. HÃ¤ufig vor allem auf die ObjektoberflÃ¤che bezogen.,F964CG,,,,https://www.wikidata.org/wiki/Q126324928,Q7|Q8,,,,
AD3A34,,4,Q2,Verwitterung,,,SchÃ¤digung durch negative Einwirkung der Bedingungen im Freien,F964CG,,,,,Q7|Q8,,,,
D16G86,,4,Q2,Korrosion,,,Durch chemische Reaktion des Materials mit seiner Umgebung verursachter Schaden,F964CG,,,,,Q7|Q8,,,,
A889A3,,4,Q2,Schmutz,Verschmutzung| Ablagerung,,"SchadensphÃ¤nomen, das durch Ablagerung unerwÃ¼nschter Substanz, die Lesbarkeit des Objektes vermindert",F964CG,,,,https://www.wikidata.org/wiki/Q126324928,,,,,
D28G9A,,5,Q2,Erdanhaftungen,Erdreste,,mehr oder weniger fest anhaftende Bodenbestandteile. HauptsÃ¤chlich an frisch geborgenen Objekten festzustellen. ,A889A3,,,,,Q7|Q8,,,,
A14228,,5,Q2,Verkrustung,,,Fest an der OberflÃ¤che des Objektes anhaftende und verhÃ¤rtete Ansammlung von Fremdsubstanz,A889A3,,,,https://www.wikidata.org/wiki/Q126324928,Q7|Q8,,,,
D74F16,,5,Q2,Staubablagerung,,,"Lose, auf der OberflÃ¤che des Objektes angesammelte Ablagerung von luftgetragenen Partikeln",A889A3,,,,https://www.wikidata.org/wiki/Q126324928,Q7|Q8,,,,
FDD71B,,4,Q2,Salzbelastung,Salzsprengung,,"SchadensphÃ¤nomen, das durch das Vorhandensein lÃ¶slicher Salze in einem Objekt/Material verursacht wird",F964CG,,,,,Q7|Q8,,,,
GDF8C2,,3,Q2,Physischer Zustand,Merkmale| Beschaffenheit,physical condition@en,Die konkreten Merkmale und Eigenschaften eines Objektes,BC5B57,,,,,Q7|Q8,,http://vocab.getty.edu/page/aat/300389724,,
CAB799,,4,Q2,VollstÃ¤ndigkeit,IntegritÃ¤t,integrity@en|completeness@en,AusmaÃ an materieller Ganzheitlichkeit eines Objektes. ,GDF8C2,,,,,Q7|Q8,http://vocab.getty.edu/page/aat/300419305,,,
FB6AGB,,4,Q2,StabilitÃ¤t,,stability@en,Fahigkeit eines Objektes physischer Einwirkung stand zu halten,GDF8C2,,,,https://www.wikidata.org/wiki/Q125400047,Q7|Q8,,,,
AGBB3C,,4,Q2,Festigkeit,,,FÃ¤higkeit des Objektmaterials mechanischen Widerstand gegen eine plastische Verformung oder Trennung zu leisten,GDF8C2,,,,,Q7|Q8,,,,
C6GB1C,,4,Q2,VerÃ¤nderung,,alteration@en,"Ãnderung des ursprÃ¼nglich und/oder geplanten Aussehens eines Objektes, unabhÃ¤ngig ob diese vorteilhaft oder nicht, beabsichtigt oder nicht ist/war. ",GDF8C2,,,,,Q7|Q8,,,,
G43DBC,,5,Q2,BeschÃ¤digung,Schaden,,"Das Objekt weist eine unvorteilhafte VerÃ¤nderung gegenÃ¼ber seines ursprÃ¼nglich geplanten Aussehens auf. Die Signifikanz der BeschÃ¤digung/ des Schadens, ergibt sich aus der Fragestellung bzw. dem Blickwinkel aus dem das Objekt betrachtet wird. So kann ein Kriegsschaden an einem Objekt zwar groÃe BeschÃ¤digung des Materials verursacht haben, gleichzeitig kann diese VerÃ¤nderung jedoch auch als Erweiterung der Objektgeschichte gewertet werden. Andersherum gibt es BeschÃ¤digungen, die zwar keine direkte Bedrohung auf die IntegritÃ¤t des Objektes ausÃ¼ben, sich jedoch auf die Lesbarkeit und somit die wissenschaftliche Aussagekraft des Objektes negativ auswirken.",C6GB1C,,,,,Q7|Q8,,,,
C77G9C,,5,Q2,Alterung,,,,C6GB1C,,,,,Q7|Q8,,,,
A5D63G,,5,Q2,Altrestaurierung,,,,C6GB1C,,,,,Q7|Q8,,,,
G9D1C8,,4,Q2,MaÃe,,,Die Abmessungen des Objektes,GDF8C2,,,,,Q7|Q8,,,,
AG4397,,4,Q2,Feuchtigkeitsgehalt,Wassergehalt,moisture content@en|humidity content@en,Enthaltener Feuchtigkeitsanteil im Porenraum eines Materialis/Objektes,GDF8C2,,,,,Q7|Q8,http://vocab.getty.edu/page/aat/300379432,,,
G41GC6,,5,Q2,Trocken,,dry@en,Das MaterialgefÃ¼ge/der Porenraum des Objektes oder dessen OberflÃ¤che weisen keinen Wassergehalt auf.,AG4397,,,,,Q7|Q8,http://vocab.getty.edu/page/aat/300195439,,,
FDB9F5,,5,Q2,Feucht,,moist@en,Das MaterialgefÃ¼ge/der Porenraum des Objektes oder dessen OberflÃ¤che weisen einen leichten bis mittelstarken Wassergehalt auf.,AG4397,,,,,Q7|Q8,,,,
A255FD,,5,Q2,Nass,WassergesÃ¤ttigt,wet@en,Das MaterialgefÃ¼ge/der Porenraum des Objektes ist vollstÃ¤ndig mit Wasser gesÃ¤ttigt.,AG4397,,,,,Q7|Q8,http://vocab.getty.edu/page/aat/300228711,,,
DAC996,,3,Q2,SchadensphÃ¤nomen,Schaden|BeschÃ¤digungsart,Damage type@en,Art der negativen VerÃ¤nderung an einem Objekt,BC5B57,,,,,Q7|Q8,,,,
B224CD,,4,Q2,FormÃ¤nderung,,,Das Objekt zeigt eine sich negativ auf seine ursprÃ¼ngliche Form auswirkende VerÃ¤nderung,DAC996,,,,,Q7|Q8,,,,
G7D438,,5,Q2,Blasenbildung,,,"Das Objekt weist eine gewÃ¶lbte OberflÃ¤che bzw. mehrere oberflÃ¤chliche WÃ¶lbungen mit Hohlraum darunter auf. Der Hohlraum kann Gas, FlÃ¼ssigkeit und/oder feste Stoffe enthalten.",B224CD,,,,https://www.wikidata.org/wiki/Q126324928,Q7|Q8,,,,
A21DB2,,5,Q2,Aufrauung,,,Das Objekt weist eine zunehmend ungleichmÃ¤Ãiger werdende OberflÃ¤che auf.,B224CD,,,,https://www.wikidata.org/wiki/Q126324928,Q7|Q8,,,,
C7859F,,5,Q2,Ausdehnung,Quellung,,Das Objekt zeigt eine VergrÃ¶Ãerung seiner Abmessungen im Vergleich zu seinen ursprÃ¼nglichen MaÃen. Diese kann durch VerÃ¤nderungen des Objektmaterial selbst oder durch HinzufÃ¼gen von Fremdmaterial erfolgt sein.  ,B224CD,,,,https://www.wikidata.org/wiki/Q126324928,Q7|Q8,,,,
G23692,,5,Q2,Schrumpfung,Schwindung,,Das Objekt zeigt eine Verkleinerung seiner Abmessungen im Vergleich zu seinen ursprÃ¼nglichen MaÃen.,B224CD,,,,https://www.wikidata.org/wiki/Q126324928,Q7|Q8,,,,
A8D9GF,,5,Q2,Deformation,Verformung,,Das Objekt zeigt eine oder mehrere bruchlose VerÃ¤nderung(en) seiner ursprÃ¼nglichen Form oder Abmessung.,B224CD,,,,https://www.wikidata.org/wiki/Q126324928,Q7|Q8,,,,
GAC37B,,6,Q2,eingedrÃ¼ckt,eingedellt,,Die Deformation des Objektes weist eine nach innen gerichtete Form auf. ,A8D9GF,,,,https://www.wikidata.org/wiki/Q126324928,Q7|Q8,,,,
B89818,,6,Q2,gewellt,bucklig|wellig,,Das Objekt zeigt eine wellenfÃ¶rmige/bucklige FormÃ¤nderung auf.,A8D9GF,,,,https://www.wikidata.org/wiki/Q126324928,Q7|Q8,,,,
FC4DGB,,6,Q2,verworfen,,,"Das Objekt weist eine in sich (gegeneinander) verschobene, unebene FlÃ¤che bzw. Form auf. Verwerfungen gehen hÃ¤ufig mit BrÃ¼chen einher.",A8D9GF,,,,https://www.wikidata.org/wiki/Q126324928,Q7|Q8,,,,
CF4199,,6,Q2,verdreht,,,Das Objekt zeigt eine um eine Achse herumlaufende Deformation,A8D9GF,,,,https://www.wikidata.org/wiki/Q126324928,Q7|Q8,,,,
C535G6,,6,Q2,verbogen,,,Das Objekt weist eine gekrÃ¼mmte Deformation in einer Ebene auf,A8D9GF,,,,https://www.wikidata.org/wiki/Q126324928,Q7|Q8,,,,
ABB9FA,,6,Q2,geknickt,gefaltet,,Das Objekt zeigt eine scharf umgebogene Deformation,A8D9GF,,,,,Q7|Q8,,,,
D3AGG6,,4,Q2,visuelle VerÃ¤nderung,optische VerÃ¤nderung,visual alteration@enq optical alteration,Eine negative VerÃ¤nderung des visuellen Eindrucks des Objektes,DAC996,,,,,Q7|Q8,,,,
A8AD1G,,5,Q2,Verdeckung,Abdeckung|Ãberlagerung,,"Das Objekt zeigt Ablagerungen auf der OberflÃ¤che, die die Gestaltung/Form des Objektes unkenntlich macht. ",D3AGG6,,,,https://www.wikidata.org/wiki/Q126324928,Q7|Q8,,,,
FDC65D,,5,Q2,Fleck,,,Das Objekt zeigt partielle farbliche VerÃ¤nderungen der OberflÃ¤che,D3AGG6,,,,https://www.wikidata.org/wiki/Q126324928,Q7|Q8,,,,
D8CBG2,,5,Q2,Schleierbildung,TrÃ¼bung,,Das Objekt zeigt eine teilweise oder ganzheitliche TrÃ¼bung der OberflÃ¤che,D3AGG6,,,,https://www.wikidata.org/wiki/Q126324928,Q7|Q8,,,,
GA2C4A,,5,Q2,Glanzverlust,,,Die vormals glÃ¤nzende OberflÃ¤che eines Objektes geht zunehmend in ein mattes Erscheinungsbild Ã¼ber.,D3AGG6,,,,https://www.wikidata.org/wiki/Q126324928,Q7|Q8,,,,
A4G8FA,,5,Q2,FarbverÃ¤nderung,VerfÃ¤rbung,,"Das Objekt zeigt in seiner Farbigkeit eine Ãnderung, die mindestend eine der drei Farbparameter Ton, Helligkeit oder SÃ¤ttigung betrifft.",D3AGG6,,,,https://www.wikidata.org/wiki/Q126324928,Q7|Q8,,,,
G8GAA6,,6,Q2,nachgedunkelt,verdunkelt,,"Die Farbigkeit des Objektes zeigt eine Reduktion hinsichtlich des LichtreflexionsvermÃ¶gen, Tons und/oder Helligkeit",A4G8FA,,,,https://www.wikidata.org/wiki/Q126324928,Q7|Q8,,,,
ABCF99,,6,Q2,verblasst,ausgeblichen,,Die Farbigkeit des Objektes zeigt eine reduzierte FarbsÃ¤ttigung,A4G8FA,,,,,Q7|Q8,,,,
GDCD91,,6,Q2,vergilbt,verbrÃ¤unt,,"Die Farbigkeit des Objektes hat sich zu einem gelben, braunen bis goldbraunen Farbton verÃ¤ndert",A4G8FA,,,,https://www.wikidata.org/wiki/Q126324928,Q7|Q8,,,,
BBF64G,,4,Q2,Ablagerung,Film,,Bildung/Vorhandensein einer anhaftenden Schicht auf der OberflÃ¤che des Objektes.,DAC996,,,,,Q7|Q8,,,,
G57G31,,5,Q2,Schimmelbefall,,,,BBF64G,,,,,Q7|Q8,,,,
BG987D,,5,Q2,schwitzendes Glas,,,Bildung von Kondenswasser oder Feuchtigkeit auf der OberflÃ¤che des Glases.,BBF64G,,,,,Q7|Q8,,,,
C188DA,,4,Q2,Substanzverlust,,Loss of substance@en,Teile des Objektes sind verloren gegangen,DAC996,,,,,Q7|Q8,,,,
A8588A,,5,Q2,Fehlstelle,Lakune,,Verlust eines klar definierte Formteils des Objektes,C188DA,,,,https://www.wikidata.org/wiki/Q126324928,Q7|Q8,,,,
D45638,,5,Q2,Erosion,,,Durch die Einwirkung externer Faktoren schleichender Verlust von OberflÃ¤chenmaterial des Objektes.,C188DA,,,,https://www.wikidata.org/wiki/Q126324928,Q7|Q8,,,,
C36GDB,,5,Q2,Abrieb,,,An der ObjektoberflÃ¤che sind durch ReibungskrÃ¤fte abgetragene Stellen festzustellen. ,C188DA,,,,https://www.wikidata.org/wiki/Q126324928,Q7|Q8,,,,
D99GD4,,5,Q2,Kratzer,,,Durch die mechanische Einwirkung scharfer Kanten ist ein Materialverlust an der ObjektoberflÃ¤che festzustellen.,C188DA,,,,https://www.wikidata.org/wiki/Q126324928,Q7|Q8,,,,
C5GCB6,,5,Q2,FraÃgang,Fressspuren,,Materialverlust an/in einem Objekt verursacht durch FressaktivitÃ¤ten von Organismen.,C188DA,,,,https://www.wikidata.org/wiki/Q126324928,Q7|Q8,,,,
A77283,,5,Q2,Durchwurzelung,,,Materialverlust durch Eindringen/Einwachsen von pflanzlichen Wurzeln in das Objekt,C188DA,,,,,Q7|Q8,,,,
CB9GD3,,4,Q2,KohÃ¤sionsverlust,,,Der innere Zusammenhalt des Objektes ist gestÃ¶rt,DAC996,,,,,Q7|Q8,,,,
D9C8A4,,5,Q2,Zersetzung,,,,CB9GD3,,,,,Q7|Q8,,,,
BGA41C,,5,Q2,Kollaps,Zusammenbruch,,"Das innere MaterialgefÃ¼ges eines Objektes ist vollkommen destabilisiert, was zu einem kompletten Zerfall der Struktur gefÃ¼hrt hat.",CB9GD3,,,,https://www.wikidata.org/wiki/Q126324928,Q7|Q8,,,,
F6CG68,,5,Q2,Fragmentierung,,,"Das Objekt ist in ein oder mehrere Teile auseinandergefallen. Je nach Feinheitsgrad der entstandenen Fragmente, kann der Begriff weiter spezifiziert werden. ",CB9GD3,,,,https://www.wikidata.org/wiki/Q126324928,Q7|Q8,,,,
B4C3B9,,5,Q2,Schnitt,,,Das MaterialgefÃ¼ge des Objektes ist unter Erzeugung einer scharf definierten Kante in zwei oder mehr Teile getrennt worden. ,CB9GD3,,,,https://www.wikidata.org/wiki/Q126324928,Q7|Q8,,,,
G74A2D,,5,Q2,Sprung,Spalt,,Das vormals fest gefÃ¼gte Material weist eine Teilung ohne vollstÃ¤ndiges Auseinanderbrechen des Objektes auf. ,CB9GD3,,,,https://www.wikidata.org/wiki/Q126324928,Q7|Q8,,,,
FGG2C4,,5,Q2,Bruch,,,Das vormals fest gefÃ¼gte Material des Objektes weist eine vollkommene Trennung in zwei oder mehr lose Teile auf.,CB9GD3,,,,https://www.wikidata.org/wiki/Q126324928,Q7|Q8,,,,
GB33C3,,5,Q2,Riss,,,Das MaterialgefÃ¼ge des Objektes zeigt eine Abtrennung mit unregelmÃ¤Ãiger Kanten. HÃ¤ufig verursacht durch Spannungsabbau im GefÃ¼ge. ,CB9GD3,,,,https://www.wikidata.org/wiki/Q126324928,Q7|Q8,,,,
GD5454,,6,Q2,OberflÃ¤chenriss,,,,GB33C3,,,,,Q7|Q8,,,,
D937D1,,6,Q2,CraquellÃ©e,,,"Im Objektmaterial oder auf dessen OberflÃ¤che (Glasur) sind feine, netzartige Risse oder Haarrisse zu beobachten. ",GB33C3,,,,,Q7|Q8,,,,
BFAC52,,6,Q2,Tiefenriss,,,,GB33C3,,,,,Q7|Q8,,,,
F2A5A7,,6,Q2,Haarriss,,,,GB33C3,,,,,Q7|Q8,,,,
G84156,,5,Q2,offene Fuge,offene Verbindung,,Zwei oder mehr Teile des Objektes weisen eine LÃ¼cke zueinander auf.,CB9GD3,,,,https://www.wikidata.org/wiki/Q126324928,Q7|Q8,,,,
AF7CC8,,5,Q2,Hohlraum,Hohlstelle| Hohllage,,Im MaterialgefÃ¼ge des Objektes hat sich ein oder mehrere Leerraum/LeerrÃ¤ume gebildet.,CB9GD3,,,,https://www.wikidata.org/wiki/Q126324928,Q7|Q8,,,,
BFGD3B,,5,Q2,Pitting,GrÃ¼bchenbildung,,"Die ObjektoberflÃ¤che weist dicht nebeneinander liegende, flache HohlrÃ¤ume/GrÃ¼bchen auf. ",CB9GD3,,,,https://www.wikidata.org/wiki/Q126324928,Q7|Q8,http://vocab.getty.edu/page/aat/300054130,,,
FA9B73,,5,Q2,Delamination,Schichtentrennung,,Das MaterialgefÃ¼ge des Objektes weist eine AblÃ¶sung in mehr oder weniger klar definierten Schichten auf. ,CB9GD3,,,,https://www.wikidata.org/wiki/Q126324928,Q7|Q8,,,,
F97BFF,,5,Q2,Schollenbildung,,,"Auf der ObjektoberflÃ¤che sind ein oder mehrere dÃ¼nne MaterialstÃ¼cke zu sehen, die sich teilweise von dieser abgelÃ¶st haben und abstehen.",CB9GD3,,,,https://www.wikidata.org/wiki/Q126324928,Q7|Q8,,,,
D2364A,,5,Q2,Abplatzung,,,Ganz Schollen oder StÃ¼cke haben sich vollstÃ¤ndig von der ObjektoberflÃ¤che gelÃ¶st und sind entweder komplett verloren oder liegen getrennt von dem Objekt. ,CB9GD3,,,,https://www.wikidata.org/wiki/Q126324928,Q7|Q8,,,,
C9D991,,4,Q2,chemische VerÃ¤nderung,,,Durch chemische Prozesse herbeigefÃ¼hrte BeschÃ¤digung eines Objektes,DAC996,,,,,Q7|Q8,,,,
ADA625,,5,Q2,weinendes Glas,TrÃ¶pfchenbildung,weeping glas@en,Auf der OberflÃ¤che des Objektes sind sichtbare FeuchtigkeitstrÃ¶pfchen/TrÃ¤nen zu beobachten.,C9D991,,,,,Q7|Q8,,,,
AA3CA7,,5,Q2,AusblÃ¼hung,Effloreszenz| Kristallbildung,,Auf oder im Objekt zeigen sich Ansammlungen von Salzkristallen.,C9D991,,,,https://www.wikidata.org/wiki/Q126324928,Q7|Q8,,,,
G3D2F5,,5,Q2,Korrosionserscheinung,Korrosionsprodukt,,Auf oder im Objekt zeigen sich Materialumwandlungen aufgrund chemischer Reaktionen des Objektmaterials mit seiner Umgebung,C9D991,,,,https://www.wikidata.org/wiki/Q126324928,Q7|Q8,,,,
DGC3A9,,6,Q2,Glaskorrosion,Glaspest| Glaskrankheit,sugaring@en,"Fachbegriff fÃ¼r eine Reihe von SchÃ¤den, die typischerweise an archÃ¤ologischen GlÃ¤sern beobachtet werden. Durch chemische Reaktionen mit ihrer Umgebung kÃ¶nnen die GlÃ¤ser TrÃ¼bungen, FarbverÃ¤nderungen, Mattierung der OberflÃ¤che oder auch eine erhÃ¶hte FragilitÃ¤t aufweisen. ",G3D2F5,,,,,Q7|Q8,,,,
GC4CA7,,6,Q2,Patinabildung,,,,G3D2F5,,,,,Q7|Q8,,,,
F9C118,,6,Q2,LochfraÃkorrosion,Lochkorrosion,,"Bildung von lokalen, punktuellen Vertiefungen oder LÃ¶chern auf der OberflÃ¤che eines Objektes, die durch chemische Reaktionen in einem korrosiven Umfeld entstehen. Diese Korrosionserscheinung schwÃ¤cht das Material lokalisiert und kann zu strukturellen SchÃ¤den fÃ¼hren, insbesondere wenn sie unbehandelt bleibt.",G3D2F5,,,,,Q7|Q8,,,,
B69747,,6,Q2,Ringkorrosion,,,,G3D2F5,,,,,Q7|Q8,,,,
D68BAA,,6,Q2,FlÃ¤chenkorrosion,,,,G3D2F5,,,,,Q7|Q8,,,,
BCDC47,,6,Q2,Kontaktkorrosion,,,,G3D2F5,,,,,Q7|Q8,,,,
BFDB22,,6,Q2,Spannungsrisskorrosion,,,,G3D2F5,,,,,Q7|Q8,,,,
F7F2A4,,6,Q2,Spaltkorrosion,,,,G3D2F5,,,,,Q7|Q8,,,,
A9B23D,,5,Q2,Verkohlung,Verbrennung,,Das Objekt zeigt Spuren von Hitze- bzw. Feuereinwirkung in Form von abgebautem oder gÃ¤nzlich verloren gegangenem Material,C9D991,,,,,Q7|Q8,,,,
AA6941,,2,Q3,[UntersuchungsgerÃ¤t],AnalysegerÃ¤t,analytical device@en,,CA1BC5,,,,,Q7|Q8,,http://vocab.getty.edu/page/aat/300122283,,
C2788C,,3,Q2,RFA-Spektrometer,RÃ¶ntgenfluoreszenz-Spektrometer,X-ray fluorescence spectrometer@en,"GerÃ¤t mit dem eine RÃ¶ntgenfluoreszenzanalyse durchgefÃ¼hrt werden kann. Das GerÃ¤t misst dabei die IntensitÃ¤ten der emmitierten FluoreszenzsrÃ¶ntgenstrahlung eines Materials/einer Probe, sodass RÃ¼ckschlÃ¼sse auf die Elementzusammensetzung innerhalb der Probe gezogen werden kÃ¶nnen.",AA6941,,,,,Q7|Q8,,,,
DG6841,,3,Q2,Computertomograph,CT,computed tomography scanner@en,,AA6941,,AF9A88,,https://de.wikipedia.org/wiki/Computertomografie,Q7|Q8,https://d-nb.info/gnd/4113240-3,,,
G8D62A,,3,Q2,RÃ¶ntgenanlage,,X-ray equipment@en,,AA6941,,A2B5A3,,https://de.wikipedia.org/wiki/RÃ¶ntgen,Q7|Q8,,,,
B538AG,,3,Q2,Mikroskop,,microscope@en,"Instrument, zur detaillierten bildlichen Darstellung von mikroskopisch kleinen Strukturen, die fÃ¼r das menschliche Auge ohne Hilfmittel nicht erkennbar sind. Mit Hilfe von Linsen und Licht oder Elektronenstrahlen, kÃ¶nnen die Strukturen/Abbildungen vergrÃ¶Ãert und fÃ¼r das menschliche Auge wahrnehmbar gemacht werden.",AA6941,,,,https://de.wikipedia.org/wiki/Mikroskop,Q7|Q8,http://vocab.getty.edu/page/aat/300024594,,,
FC2113,,4,Q2,Lichtmikroskop,,light microscope@en,"Instrument, bei dem mit Hilfe von sichtbarem Licht Objekte vergrÃ¶Ãert betrachtet werden kÃ¶nnen. Es besteht aus einer Lichtquelle, Linsen und einer Bildgebungseinheit, die es ermÃ¶glichen, Details von Objekten im Bereich von Mikrometern bis Millimetern zu visualisieren.",B538AG,,,,https://de.wikipedia.org/wiki/Lichtmikroskop,Q7|Q8,,,,
A75779,,5,Q2,Stereomikroskop,,stereomicroscop@en,3.5,FC2113,,,,https://de.wikipedia.org/wiki/Stereomikroskop,Q7|Q8,,,,
G69G4B,,5,Q2,monokular Mikroskop,,monocular microscope@en,,FC2113,,,,,Q7|Q8,,,,
GA6422,,5,Q2,binokular Mikroskop,,binocular microscope@en,,FC2113,,,,https://de.wikipedia.org/wiki/Stereomikroskop,Q7|Q8,,,,
A7FA3B,,5,Q2,Polarisationsmikroskop,,petrographic microscope@en,,FC2113,,,,https://de.wikipedia.org/wiki/Polarisationsmikroskop,Q7|Q8,,,,
A9F854,,5,Q2,Fluoreszenzmikroskopen,,fluorescence microscope@en,,FC2113,,,,https://de.wikipedia.org/wiki/Fluoreszenzmikroskopie,Q7|Q8,,,,
B94DCD,,5,Q2,Auflichtmikroskop,,incident light microscope@en,,FC2113,,,,,Q7|Q8,,,,
A9611D,,5,Q2,Durchlichtmikroskop,,transmitted light microscope@en,,FC2113,,,,,Q7|Q8,,,,
B764C6,,4,Q2,Rasterelektronenmikroskop,REM,scanning electron microscope@en|SEM@en,,B538AG,,D3BFFF,,https://de.wikipedia.org/wiki/Rasterelektronenmikroskop,Q7|Q8,http://vocab.getty.edu/page/aat/300024596,,,
AG4G3C,,4,Q2,Digitalmikroskop,,,,B538AG,,,,,Q7|Q8,http://vocab.getty.edu/page/aat/300444116,,,
G8C987,,3,Q2,UV-Lampe,,,,AA6941,,,,,Q7|Q8,,,,
D4A13D,,2,Q3,[Untersuchungsmethode],,,,CA1BC5,,,,,Q7|Q8,,,,
G9B788,,3,Q2,Materialanalyse,,,Analyse des Objektswerkstoffes auf spezifische Eigenschaften,D4A13D,,,,,Q7|Q8,,,,
FCB7A5,,4,Q2,RÃ¶ntgenfluoresezenzanalyse,RFA,XRF@en|X-ray fluorescence analysis@en,,G9B788,,,,,Q7|Q8,,http://vocab.getty.edu/page/aat/300224161,,
FFA1AC,,4,Q2,Ramanspektroskopie,,,,G9B788,,,,,Q7|Q8,,,,
BFGB1A,,4,Q2,Laser Ablation â Inductively Coupled Plasma â Mass Spectrometry,LA-ICP-MS,,,G9B788,,,,,Q7|Q8,,,,
DG129D,,4,Q2,energiedispersive RÃ¶ntgenspektroskopie,EDX|EDS,energy dispersive X-ray spectroscopy@en,,G9B788,,,,,Q7|Q8,,,,
B3G5C7,,4,Q2,Dendrochronologie,,,,G9B788,,,,,Q7|Q8,,,,
F6739F,,4,Q2,Radiokarbondatierung,C14-Datierung| Radiokarbonmethode|Radiokohlenstoffdatierung,,,G9B788,,,,,Q7|Q8,,,,
A946B5,,4,Q2,chemische Untersuchung,,,Analyse des Objektwerkstoffes mit Hilfe von chemischen Reagenzien ,G9B788,,,,,Q7|Q8,,,,
DCD522,,5,Q2,Mikro-Quelltest,,,,A946B5,,,,,Q7|Q8,,,,
F66444,,5,Q2,Spot-Test,,,,A946B5,,,,,Q7|Q8,,,,
DAA4F8,,5,Q2,Oddy-Test,,,,A946B5,,,,,Q7|Q8,,,,
F7AGD2,,4,Q2,Probennahme,Probenentnahme,,"Entnahme einer Stichprobe nach spezifischen Verfahren je nach angedachter Untersuchungsmethode. Die Probennahme dient dazu Aussagen zur Beschaffenheit, Zusammensetzung und/oder charakterischischen Eigenschaften eines Materials treffen zu kÃ¶nnen.",G9B788,,,,,Q7|Q8,,,,
G13A7B,,3,Q2,bildgebende Untersuchung,,,Untersuchungs des Objektes auf spezifische Eigenschaften/ZustÃ¤nde durch die Erstellung von bildhaften Darstellungen,D4A13D,,,,,Q7|Q8,,,,
BAA12F,,4,Q2,Photogrammetrie,,,,G13A7B,,,,,Q7|Q8,,,,
D3BFFF,,4,Q2,Rasterelektronenmikroskopie,REM,,Methode mit dem die ObjektoberflÃ¤che durch das Abrastern mit einem Elektronenstrahl vergrÃ¶Ãert abgebildet wird. Erzeugt wird das Bild der ObjektoberflÃ¤che durch die Wechselwirkungen der Elektronen mit dem Objekt.,G13A7B,,B764C6,,https://de.wikipedia.org/wiki/Rasterelektronenmikroskop,Q7|Q8,,,,
F58F6D,,4,Q2,3D-Scan,,,,G13A7B,,,,,Q7|Q8,,,,
FB231A,,4,Q2,RÃ¶ntgenuntersuchung,,,Sammelbegriff fÃ¼r Verfahren zur bildhaften Darstellung inneren Strukturen eines Objektes mit Hilfe von RÃ¶ntgenstrahlen,G13A7B,,,,,Q7|Q8,,,,
A2B5A3,,5,Q2,konventionelle Radiographie,RÃ¶ntgen,,Bildgebendes Verfahren bei dem das Objekt mit RÃ¶ntgenstrahlen durchleuchtet und auf einem RÃ¶ntgenfilm abgebildet wird. Das RÃ¶ntgenbild zeigt eine Abbildung des dreidimensionalen Objektes auf einer zweidimensionalen FlÃ¤che. Je nach Dichte des untersuchten Materials werden die RÃ¶ntgenstrahlen unterschiedlich stark absorbiert und zeigen eine dunklere oder hellere Darstellung auf dem belichteten RÃ¶ntgenfilm. ,FB231A,,G8D62A,,https://de.wikipedia.org/wiki/RÃ¶ntgen,Q7|Q8,,,,
AF9A88,,5,Q2,Computertomographie,CT,,"Bildgebendes Verfahren bei dem das Objekt aus mehreren Richtungen mit RÃ¶ntgenstrahlen durchleuchtet wird. Je nach Dichte des untersuchten Materials werden die RÃ¶ntgenstrahlen unterschiedlich stark absorbiert. Durch die verschiedenen Richtungen, aus denen die RÃ¶ntgenstrahlen durch das Objekt treten, entstehen mehrere Absorptionsprofile. Diese werden nach Abschluss der Aufnahmen mit Hilfe des Computers zu digitalen Schnittbildern zusammengerechnet. In dem mehrere angrenzende Schnittbilder zusammengesetzt und die Volumengrafiken errechnet werden, lassen sich dreidimnesionale Darstellungen der inneren Struktur des untersuchten Objektes erzeugen. ",FB231A,,DG6841,,https://de.wikipedia.org/wiki/Computertomografie,Q7|Q8,,,,
CA7279,,3,Q2,optische Begutachtung,,,Betrachtung und EinschÃ¤tzung des optischen Erscheinungsbildes/Zustandes des Objektes mit dem menschlichen Auge,D4A13D,,,,,Q7|Q8,,,,
B53C8F,,4,Q2,UV-Untersuchung,,,Begutachtung eines Objektes mit dem menschlichen Auge unter Zuhilfename einer UV-Lichtquelle,CA7279,,,,,Q7|Q8,,,,
D4AC7A,,4,Q2,Mikroskopie,,,Begutachtung eines Objektes mit dem menschlichen Auge mit Hilfe eines Mikroskops,CA7279,,B538AG,,https://de.wikipedia.org/wiki/Mikroskop,Q7|Q8,,,,
F9GC9A,,4,Q2,manuelle Sichtkontrolle,,,Begutachtung eines Objektes mit dem menschlichen Auge ohne technische Hilfmittel,CA7279,,,,,Q7|Q8,,,,
A4G52F,,1,Q2,Einlieferungszustand,Vorzustand,,Zustand eines Objektes zum Zeitpunkt der Einlieferung in die Restaurierungswerkstatt,C4BCF8,,GDF8C2,,,Q7|Q8,,,,
C2488A,,1,Q2,Endzustand,Abschlusszustand,,Zustand eines Objektes nach Abschluss der praktisch durchgefÃ¼hrten Konservierungs- und RestaurierungsmaÃnahmen sowie ÃberprÃ¼fung in wie fern das zuvor festgelegte Restaurierung-/Konservierungsziel erreicht werden konnte.,C4BCF8,,GDF8C2,,,Q7|Q8,,,,
A18D95,,0,Q2,Restaurierungs-/Konservierungskonzept,,,"Festlegung des anzustrebenden Konservierungs-/Restaurierungsziels, Planung/Entwicklung der methodischen Vorgehensweise zur Erhaltung und Wiederherstellung des Objektes, Zeitplanung und RisikoabschÃ¤tzung, basierend auf den Ergebnissen der Zustandserfassung.",top,,C4BCF8,,,Q7|Q8,,,,
DA4158,,1,Q2,Restaurierungs-/Konservierungsziel,,,"Festlegung der spezifischen Ziele und Absichten, die bei der Restaurierung oder Konservierung eines Objektes verfolgt werden. Diese Ziele kÃ¶nnen vielfÃ¤ltig sein und umfassen typischerweise den Erhalt des Objekts in seiner gegenwÃ¤rtigen Form, die Wiederherstellung seiner Ã¤sthetischen Erscheinung, die Sicherung seiner strukturellen IntegritÃ¤t sowie die Erhaltung seiner historischen oder kulturellen Bedeutung fÃ¼r zukÃ¼nftige Generationen.",A18D95,,,,,Q7|Q8,,,,
AC1786,,1,Q2,Zeitplanung,,,,A18D95,,,,,Q7|Q8,,,,
CDD6B5,,1,Q2,Risikobeurteilung,,risk assessment@en,,A18D95,,,,,Q7|Q8,,http://vocab.getty.edu/page/aat/300263660,,
GDF23F,,1,Q2,Methodik,Vorgehensweise,methodology@en,"Planung der strukturierten Vorgehensweise bei der praktischen DurchfÃ¼hrung zur Erreichung des festgelegten Restaurierungs-/Konservierungsziel. Basierend auf den Erkenntnissen der Zustandserfassung sowie unter BerÃ¼cksichtigung der Risikobeurteilung und der Zeitplanung werden die geeignetsten Methoden und Techniken, die benÃ¶tigten Materialien sowie Werkzeuge festgelegt. ",A18D95,,,,,Q7|Q8,,http://vocab.getty.edu/page/aat/300054676,,
CFGDA3,,0,Q2,Praktische DurchfÃ¼hrung,durchgefÃ¼hrte MaÃnahme,,AusfÃ¼hrung der im Restaurierungskonzept geplanten Vorgehensweisen zur Erreichung des festgelegten Restaurierungs-/Konservierungsziel ,top,,A18D95,,,Q7|Q8,,,,
G98FD4,,1,Q2,KonservierungsmaÃnahme,stabilisierende Konservierung|Konservierungsmethoden,conservation@en| remedial conservation@en,"Sammelbegriff fÃ¼r einen aktiven Eingriff, der direkt an einem Objekt vorgenommen wird, um weiteren Abbau, Zerfall und/oder SchÃ¤digung zu verhindern, zu verzÃ¶gern und/oder zu begrenzen",CFGDA3,,,,http://www.wikidata.org/entity/Q125400047,Q7|Q8,,,,
C6A532,,2,Q2,Entsalzung,Entsalzen,desalination@en,Methode zur Entfernung von durch die Bodenlagerung in ein Objekt/Material eingedrungenen Salzen,G98FD4,,,,,Q7|Q8,,,,
C349C5,,3,Q2,Kompressenentsalzung,,,Entfernung von durch die Bodenlagerung eingedrungenen Salzen aus dem Objektwerkstoff durch die Auflage von feuchtigkeitsgetrÃ¤nktem Kompressenmaterial. Durch ein Feuchte- und/oder KonzentrationsgefÃ¤lle zwischen Objekt und Kompresse werden die Salze durch Diffusion und den Kapillareffekt aus dem Objektmaterial in die Kompresse gezogen. ,C6A532,,,,,Q7|Q8,,,,
DA9G57,,3,Q2,Badentsalzung,,,Entfernung von durch die Bodenlagerung eingedrungenen Salzen aus dem Objektwerkstoff durch das Einlegen des Objektes in eine BadlÃ¶sung,C6A532,,,,,Q7|Q8,,,,
A1B449,,3,Q2,AusspÃ¼lung,,,"Entfernung von durch die Bodenlagerung eingedrungenen Salzen aus dem Objektwerkstoff, indem flieÃendes Wasser kontinuierlich Ã¼ber das Objekt geleitet wird.",C6A532,,,,,Q7|Q8,,,,
D66263,,3,Q2,elektrochemische Entsalzung,,,Entfernung von durch die Bodenlagerung eingedrungenen Salzen aus dem Objektwerkstoff durch das Anlegen elektrischer SpannungÂ ,C6A532,,,,,Q7|Q8,,,,
F72743,,2,Q2,Plasmabehandlung,,,"Methode, bei der mit Hilfe von ionisiertem Gas (Plasma) die korrodierte OberflÃ¤che von Metallobjekten reduziert werden kann. Auf diese Weise lassen sich zum Beispiel dunkle Sulfidflecken entfernen, indem das Silbersulfid zu metallischem Silber reduziert wird.",G98FD4,,,,https://www.wikidata.org/wiki/Q126740461,Q7|Q8,,,,
DA9CGG,,2,Q2,Festigung,Festigen|Sicherung|Stabilisierung,,Methode zur Verbesserung des inneren Zusammenhaltes oder der mechanischen StabiliÃ¤t eines Objektes durch ZufÃ¼hrung eines stabilisierenden Materials,G98FD4,,,,http://www.wikidata.org/entity/Q125400047,Q7|Q8,http://vocab.getty.edu/page/aat/300219960,,,
B26D29,,3,Q2,temporÃ¤re Stabilisierung,,,"zeitlich begrenzte, nicht dauerhafte UnterstÃ¼tzung eines fragilen Materials",DA9CGG,,,,,Q7|Q8,,,,
A9FF5A,,3,Q2,TrÃ¤nkung,,,"Konservierungsmethode, bei der die porÃ¶se/instabile, innere Werkstoffstruktur eines Objektes durch die Einbringung eines sich in LÃ¶sung befindlichen Polymers stabilisiert wird",DA9CGG,,,,,Q7|Q8,,,,
C17A3G,,4,Q2,VolltrÃ¤nkung,,,"Konservierungsmethode, bei der der Werkstoffe eines Objektes durch das AusfÃ¼llen seines gesamten Porenraums mit einem sich in LÃ¶sung befindlichen Polymers stabilisiert wird. Eine VolltrÃ¤nkung wird i.d.R. durch Eintauchen des Objektes in das LÃ¶sungsbad durchgefÃ¼hrt.",A9FF5A,,,,,Q7|Q8,,,,
CD536F,,4,Q2,TeiltrÃ¤nkung,,,"Konservierungsmethode, bei der der Werkstoff eines Objektes nur in gezielten Bereichen durch das Einbringen eines sich in LÃ¶sung befindlichen Polymers stabilisiert wird. Dies kann z.B. durch lokalen Auftrag der PolymerlÃ¶sung mit einem Pinsel erfolgen.",A9FF5A,,,,,Q7|Q8,,,,
A31C7C,,3,Q2,VerstÃ¤rkung,,,"Methode, bei der ein Objekt durch die mechanische Befestigung auf einem festen Material unterstÃ¼tzt/ stabilisiert wird.",DA9CGG,,,,,Q7|Q8,,,,
C7427F,,4,Q2,Laminierung,Hinterklebung,,"Methode, bei der ein fragiles Objekt durch das Hinterlegen mit einem Gewebe (z.B. Glasfaser, Japanpapier, etc.) stabilisiert wird. Durch TrÃ¤nkung des Gewebes mit einer PolymerlÃ¶sung entsteht ein stabiles Laminat, das fest mit dem Objektmaterial verbunden ist und dieses bei mechanischer Einwirkung unterstÃ¼tzt.",A31C7C,,,,,Q7|Q8,,,,
D2D988,,4,Q2,TrÃ¤gerbau,,,"Methode, bei der ein individuell an die Form des Objektes angepasstes Gestell erarbeitet wird, in welches das Objekt eingespannt/aufgelegt/befestigt werden kann. Der TrÃ¤ger ist dabei i.d.R. nicht dauerhaft fest mit dem Objekt verbunden. Durch den Unterbau wird das Objekt bestmÃ¶glich gestÃ¼tzt und die mechanische Belastung reduziert. ",A31C7C,,,,,Q7|Q8,,,,
GF41DG,,2,Q2,SchutzÃ¼berzug,,,Methode zum Schutz der ObjektoberflÃ¤che vor negativer Einwirkung von auÃen durch Auftrag eines schÃ¼tzenden Materials,G98FD4,,,,,Q7|Q8,,,,
AF1F5C,,2,Q2,Trocknung,,,Methode zur Entfernung von Feuchtigkeit aus dem Objekt oder von dessen OberflÃ¤che,G98FD4,,,,,Q7|Q8,,,,
C79561,,1,Q2,RestaurierungsmaÃnahme,Restaurierungsmethoden|Restaurierung,restoration@en| restoration method@en,"Sammelbegriff fÃ¼r einen aktiven Eingriff an einem stabilen oder stabilisierten Objekt, der darauf abzielen, dessen VerstÃ¤ndnis, Wahrnehmung und/oder WertschÃ¤tzung, zu verbessern, unter Beachtung dessen ursprÃ¼nglicher Bedeutung sowie der vorgefundenen oder vermuteten Techniken und Materialien ",CFGDA3,,,,http://www.wikidata.org/entity/Q125400047,Q7|Q8,http://vocab.getty.edu/page/aat/300053742,https://www.wikidata.org/wiki/Q217102,,
CDD613,,2,Q2,Reinigung,Reinigen,cleaning@en,"Methode zur Entfernung unerwÃ¼nschter und/oder potenziell schÃ¤dlicher Materialien von/aus einem Objekt, um dessen optisches Erscheinungsbild und Lesbarkeit zu verbessern. Der Begriff wird in der Regel vor allem als allgemeinerer Begriff fÃ¼r die Entfernung von locker aufliegenden Verschmutzungen, wie Staub- oder Erdanhaftungen, aber auch alten Restaurierungsmaterialien verwendet. Er weist enge Verwandschaft und einen flieÃenden Ãbergang zu dem Begriff ""Freilegung"" auf.",C79561,,G814D2,,http://www.wikidata.org/entity/Q125400047,Q7|Q8,http://vocab.getty.edu/page/aat/300053027,,,
FF8792,,4,Q2,Trockenreinigung,trockene Reinigung,dry cleaning@en,Entfernung ungewollter Substanzen ohne Verwendung von FlÃ¼ssigkeiten,CDD613,,,,,Q7|Q8,http://vocab.getty.edu/page/aat/300219637,,,
C3733A,,4,Q2,Feuchtreinigung,feuchte Reinigung,wet cleaning@en,Entfernung ungewollter Substanzen von der ObjektoberflÃ¤che mit Hilfe leicht angefeuchteter Reinigungsmedien. ,CDD613,,,,,Q7|Q8,,,,
A194CF,,4,Q2,Waschung,Nassreinigung|SpÃ¼lung|Auswaschung| nasse Reinigung,washing@en,"Entfernung ungewollter Substanzen durch Durchfeuchtung/ DurchnÃ¤ssung des Objektes, z.B. durch AbspÃ¼len unter laufendem Wasser oder Eintauchen in eine ReinigungsflÃ¼ssigkeit. ",CDD613,,,,,Q7|Q8,,http://vocab.getty.edu/page/aat/300053042,,
G814D2,,2,Q2,Freilegung,Freilegen,uncovering@en,"Methode zur Entfernung unerwÃ¼nschter und/oder potenziell schÃ¤dlicher Materialien von der OberflÃ¤che eines Objektes zur Offenlegung der zuvor verdeckten originalen ObjektoberflÃ¤che. Der Begriff ""Freilegung"" wird, in Abgrenzung zum Begriff ""Reinigung"", in der Regel hauptsÃ¤chlich im Bezug auf die Entfernung von Korrosions- oder Sinterauflagerungen verwendet. Der Ãbergang zwischen den Begriffen muss jedoch als flieÃend und zum Teil nicht scharf abgrenzbar betrachtet werden.",C79561,,CDD613,,,Q7|Q8,,http://vocab.getty.edu/page/aat/300053027,,
A6A248,,3,Q2,maschinelle Freilegung,,,Freilegung der originalen ObjektoberflÃ¤che durch Verwendung von Maschinen/ maschinellen GerÃ¤ten,G814D2,,,,,Q7|Q8,,,,
G3GB59,,3,Q2,manuelle Freilegung,,,Per Hand ausgefÃ¼hrte Freilegung der originalen OberflÃ¤che ohne Verwendung elektrischer GerÃ¤te,G814D2,,,,,Q7|Q8,,,,
G8A626,,3,Q2,nasschemische Freilegung,,,Freilegung der originalen ObjektoberflÃ¤che durch Anwendung von Chemikalien,G814D2,,,,,Q7|Q8,,,,
A13CD1,,2,Q2,Klebung,Kleben|FÃ¼gung|Babbe,bonding@en,Methode des ZusammenfÃ¼gens von Fragmenten und/oder Materialien durch eine adhÃ¤sive Verbindung mit Klebstoff,C79561,,,,,Q7|Q8,,,,
F589G5,,3,Q2,Infiltrationsklebung,,,"Zweischrittige Klebemethode, bei der die einzelnen Fragmente/Teile zunÃ¤chst temporÃ¤r miteinander verbunden werden (z.B. durch kleine Klebebandstreifen, Omega-HÃ¤kchen, etc.), bis die ursprÃ¼ngliche Form des Objektes wieder erkennbar ist. Die tatsÃ¤chliche Klebung erfolgt im zweiten Schritt, durch den gleichzeitigen Auftrag eines dÃ¼nnflÃ¼ssigen Klebemittels auf alle Bruchfugen. Aufgrund des Kapillareffekts zwischen den vorfixierten Bruchkanten wird der niedrigviskose Klebstoff in die Bruchfuge gesogen.",A13CD1,,,,,Q7|Q8,,,,
AD143A,,3,Q2,Aufbaumethode,,,"Klebemethode, bei der die einzelnen Fragmente/Teile nacheinander angefÃ¼gt/geklebt werden und die ursprÃ¼ngliche Form des Objektes nach und nach wieder aufgebaut wird. Bei GefÃ¤Ãen wird i.d.R. vom Boden zum Rand aufsteigend gearbeitet.Â ",A13CD1,,,,,Q7|Q8,,,,
CGC619,,2,Q2,ErgÃ¤nzung,ErgÃ¤nzen,filling@en,Methode zur VervollstÃ¤ndigung fehlender Objektteile durch das HinzufÃ¼gen von Material. Wird nach der modernen archÃ¤ologischen Restaurierungsethik nur noch aus statischen/stabilisierenden GrÃ¼nden oder zu Rekonstruktion eines vollkommen unkenntlichen Erscheinungsbildes durchgefÃ¼hrt.,C79561,,,,,Q7|Q8,,,,
GAD222,,3,Q2,EinfÃ¼gung,,,ErgÃ¤nzungsmethode durch separate Herstellung des fehlenden Formteiles eines Objektes und anschlieÃendes Einpassen/Einkleben in die Fehlstelle.,CGC619,,,,,Q7|Q8,,,,
CBDC4A,,3,Q2,ManschettenergÃ¤nzung,,,"ErgÃ¤nzungsmethode, bei der die fehlende Stelle des Objektes mit Hilfe einer, der Form des Objektes entsprechend ausgearbeiteten Manschette hinterlegt oder umschlossen wird. Auf diese Weise kann das ErgÃ¤nzungsmaterial direkt bzw. mit weniger Nacharbeit an die benÃ¶tigte Form der zu ergÃ¤nzenden Stelle angepasst werden. ",CGC619,,,,,Q7|Q8,,,,
DAA82A,,4,Q2,einseitige ManschettenergÃ¤nzung,,,"Variante der ManschettenergÃ¤nzung, bei der die Fehlstelle nur von einer Seite (bei GefÃ¤Ãen i.d.R. die Innenseite) hinterlegt wird, beispielsweise mit einer dÃ¼nnen Plastilinplatte. Von der freien Seite aus kann dann das ErgÃ¤nzungsmaterial aufgetragen werden. Diese Art der ErgÃ¤nzung wird insbesondere fÃ¼r KeramikgefÃ¤Ãe angewandt und verlangt die Verwendung eines ErgÃ¤nzungsmaterials, welches auch nach dem AushÃ¤rten/Abbinden noch gut mechanisch bearbeitet werden kann (z.B. Gips). ",CBDC4A,,,,,Q7|Q8,,,,
D152G6,,4,Q2,beidseitige ManschettenergÃ¤nzung,,,"Variante der ManschettenergÃ¤nzung, bei der die Fehlstelle von beiden Seiten (AuÃen- und Innenseite bei GefÃ¤Ãen) umschlossen wird. Hierzu werden zwei Manschetten angefertigt, die jeweils die beiden Seiten der Fehlstelle abdecken. Auf diese Weise wird ein der MaterialstÃ¤rke des Objektes entsprechender Holraum erzeugen, der mit einem ErgÃ¤nzungsmaterial ausgefÃ¼llt werden kann. Diese ErgÃ¤nzungsvariante wird insbesondere fÃ¼r Glasobjekte verwendet. Auch bei der Wahl von Kunstharzen als ErgÃ¤nzungsmaterial ist diese Variante zu bevorzugen, da Kunstharze nach dem AushÃ¤rten nur noch mit relativ groÃem Aufwand nachbearbeitet werden kÃ¶nnen.",CBDC4A,,,,,Q7|Q8,,,,
A6F2C7,,3,Q2,TonkernergÃ¤nzung,,,,CGC619,,,,,Q7|Q8,,,,
BD119A,,3,Q2,Retusche,Kolorieren|FÃ¤rben,,,CGC619,,,,,Q7|Q8,,,,
C364G1,,1,Q3,[Konservierungs- und Restaurierungsmaterialien],,restorationmaterial@en|conservationmaterial@en,strukturierender Sammelbegriff fÃ¼r sÃ¤mtliche zur Konservierung und/oder Restaurierung eines Objektes verwendeter (Verbrauchs-)Materialien,CFGDA3,,,,,Q7|Q8,http://www.wikidata.org/entity/Q214609| http://terminology.lido-schema.org/lido00132,,,
A95DFA,,2,Q2,Reinigungsmittel,,detergent@en,,C364G1,,,,,Q7|Q8,,,,
C421BF,,2,Q2,LÃ¶sungsmittel,LÃ¶semittel,solvent@en,,C364G1,,,,,Q7|Q8,,,,
G7F69C,,2,Q2,Bindemittel,,,,C364G1,,,,,Q7|Q8,,,,
F87124,,2,Q2,Komplexbildner,,,,C364G1,,,,,Q7|Q8,,,,
ACFF37,,2,Q2,Korrosionsinhibitor,,,,C364G1,,,,,Q7|Q8,,,,
B3FCA1,,2,Q2,Reduktionsmittel,,reducing agent@en,"chemische Substanz, die Elektronen abgeben und somit andere Substanzen reduzieren kann (Redoxreaktion)",C364G1,,,,https://www.wikidata.org/wiki/Q216830,Q7|Q8,http://vocab.getty.edu/page/aat/300380032,,,
A2B746,,2,Q2,Base,,alkaline solution@en|base@en,"chemische Substanz, die in wÃ¤ssriger LÃ¶sung ein Proton aufnehmen oder ein freies Elektronenpaar abspalten kann.",C364G1,,,,https://www.wikidata.org/wiki/Q11193,Q7|Q8,http://vocab.getty.edu/page/aat/300237910|https://cameo.mfa.org/wiki/Alkali,,,
FGF575,,2,Q2,SÃ¤ure,,acidic detergent@en|acid@en,"chemische Substanz, die in wÃ¤ssriger LÃ¶sung Protonen aus ihrer Wasserstoffverbindung abspalten oder ein freies Elektronenpaar aufnehmen kann",C364G1,,,,https://www.wikidata.org/wiki/Q11158,Q7|Q8,http://vocab.getty.edu/page/aat/300011752|https://cameo.mfa.org/wiki/Acid,,,
A1D125,,2,Q2,synthetisches Polymer,,,,C364G1,,,,,Q7|Q8,,,,
AF31AG,,3,Q2,Epoxidharz,,,,A1D125,,,,,Q7|Q8,,,,
GFD582,,3,Q2,Acrylharz,,,,A1D125,,,,,Q7|Q8,,,,
D9F783,,3,Q2,Cyanacrylat,,,,A1D125,,,,,Q7|Q8,,,,
B572B5,,3,Q2,Polyvinylbutyral,,,,A1D125,,,,,Q7|Q8,,,,
DF5773,,3,Q2,Polyvinylacetat,,,,A1D125,,,,,Q7|Q16|Q8,,,,
C838C1,,3,Q2,Polyvinylalkohol,,,,A1D125,,,,,Q7|Q17|Q8,,,,
D41661,,3,Q2,Cellulosederivat,,,,A1D125,,,,,Q7|Q8,,,,
A44D5F,,4,Q2,Celluloseether,,,,D41661,,,,,Q7|Q8,,,,
GC6999,,4,Q2,Cellulosenitrat,,,,D41661,,,,,Q7|Q8,,,,
F89522,,3,Q2,Polyethylenglycol,,,,A1D125,,,,,Q7|Q16|Q8,,,,
DF633G,,3,Q2,Melaminharz,,,,A1D125,,,,,Q7|Q16|Q8,,,,
F8A93F,,3,Q2,Polyesterharz,,,,A1D125,,,,,Q7|Q17|Q8,,,,
A3G356,,3,Q2,Polyurethan,,,,A1D125,,,,,Q7|Q16|Q8,,,,
AG2965,,2,Q2,Harze aus natÃ¼rlichen Rohstoffen,Naturharz,,,C364G1,,,,,Q7|Q8,,,,
CB4G84,,2,Q2,Wachs,,,,C364G1,,,,,Q7|Q8,,,,
D7A4BC,,2,Q2,Fett,,,,C364G1,,,,,Q7|Q17|Q8,,,,
BGGCA4,,2,Q2,VerstÃ¤rkungsfaser,,,,C364G1,,,,,Q7|Q8,,,,
A8245D,,2,Q2,Ton,,,,C364G1,,,,,Q7|Q17|Q8,,,,
A2B583,,2,Q2,Plastilin,,,,C364G1,,,,,Q7|Q17|Q8,,,,
GD5FG6,,2,Q2,Gips,,,,C364G1,,,,,Q7|Q17|Q8,,,,
BB78D2,,2,Q2,FÃ¼llstoff,,,,C364G1,,,,,Q7|Q8,,,,
BFB3B9,,3,Q2,Talkum,,,,BB78D2,,,,,Q7|Q17|Q8,,,,
DA86F8,,3,Q2,Aerosil,,,,BB78D2,,,,,Q7|Q17|Q8,,,,
A44BG6,,2,Q2,Silikonkautschuk,,,,C364G1,,,,,Q7|Q8,,,,
A17D39,,2,Q2,Seife,,,,C364G1,,,,,Q7|Q17|Q8,,,,
B23F5G,,2,Q2,Latexmilch,,,,C364G1,,,,,Q7|Q16|Q8,,,,
CCCC7G,,2,Q2,Ãl,,,,C364G1,,,,,Q7|Q17|Q8,,,,
F64B9C,,2,Q2,Pigmente,,,,C364G1,,,,,Q7|Q17|Q8,,,,
C93638,,1,Q3,[Werkzeuge],,,,CFGDA3,,,,,Q7|Q8,http://www.wikidata.org/entity/Q39546,,,
GF9C49,,2,Q3,[technische GerÃ¤te],,,,C93638,,,,,Q7|Q8,,,,
G487C2,,3,Q2,FeinstrahlgerÃ¤t,MikrostrahlgerÃ¤t,,,GF9C49,,,,,Q7|Q8,,,,
D8G747,,3,Q2,Mikromotor,,,,GF9C49,,,,,Q7|Q8,,,,
ABF57G,,4,Q2,DiamantschleifkÃ¶rper,,diamand grinding wheel@en,,D8G747,,,,,Q7|Q8,,,,
A97F31,,4,Q2,GummischleifkÃ¶rper,Gummipolierer,rubber abrasives@en|rubber polisher@en,,D8G747,,,,,Q7|Q8,,,,
CDF423,,4,Q2,MetallfrÃ¤ser,,metal cutter@en,,D8G747,,,,,Q7|Q8,,,,
C5A318,,3,Q2,UltraschallgerÃ¤t,,,,GF9C49,,,,,Q7|Q8,,,,
BBB987,,3,Q2,Absauganlage,,,,GF9C49,,,,,Q7|Q8,,,,
C2112G,,3,Q2,Gefriertrocknungsanlage,,,,GF9C49,,,,,Q7|Q8,,,,
DAC482,,3,Q2,LÃ¶tanlage,,,,GF9C49,,,,,Q7|Q8,,,,
D7GGGG,,3,Q2,WÃ¤rmeschrank,WÃ¤rmekammer,,,GF9C49,,,,,Q7|Q16|Q8,,,,
F8323G,,3,Q2,industrielle Mikrowellenkammer,Mikrowelle,,,GF9C49,,,,,Q7|Q16|Q8,,,,
C99F9G,,3,Q2,Plasmaanlage,,,,GF9C49,,,,,Q7|Q16|Q8,,,,
D941BB,,2,Q3,[manuelle Werkzeuge],,,,C93638,,,,,Q7|Q8,,,,
CC2BBB,,3,Q2,Pinsel,,,,D941BB,,,,,Q7|Q8,,,,
C4569A,,3,Q2,BÃ¼rste,,brush@en,,D941BB,,,,,Q7|Q8,,,,
D84847,,3,Q2,WattestÃ¤bchen,,cotton swab@en,,D941BB,,,,,Q7|Q8,,,,
D1A63D,,3,Q2,Putzholz,,cleaning wood stick@en,,D941BB,,,,,Q7|Q8,,,,
F91CBB,,3,Q2,Radiergummi,,eraser@en,,D941BB,,,,,Q7|Q8,,,,
B28GC7,,3,Q2,Zellstoff,,,,D941BB,,,,,Q7|Q8,,,,
AA4F93,,3,Q2,Textil,,textile@en,,D941BB,,,,,Q7|Q8,,,,
A341F9,,3,Q2,Schwamm,,sponge@en,,D941BB,,,,,Q7|Q8,,,,
F71C33,,3,Q2,Skalpell,,scalpel@en,,D941BB,,,,,Q7|Q8,,,,
D1C67A,,3,Q2,Metallschaber,,metal scraper@en,,D941BB,,,,,Q7|Q8,,,,
ACB46G,,3,Q2,Stachelschweinborste,,porcupine bristle@en,,D941BB,,,,,Q7|Q8,,,,
F18C56,,3,Q2,Holzschaber,,wood scraper@en,,D941BB,,,,,Q7|Q8,,,,
G33846,,3,Q2,Acrylglasschaber,Plexiglasschaber,acrylic scraper@en,,D941BB,,,,,Q7|Q8,,,,
C3A182,,1,Q2,Nachbildung fÃ¼r wissenschaftliche Zwecke,Nachbilden|Kopieren,,Methoden zur Erstellung aussagekrÃ¤ftiger VergleichsstÃ¼cke zu wissenschaftlichem Zweck,CFGDA3,,,,,Q7|Q8,,,,
G79CAC,,2,Q3,[Vorgehensweise],,,"strukturierender Sammelbegriff fÃ¼r verschiedene Methoden, die zur Herstellung von wissenschaftlichen VergleichsstÃ¼cken angewandt werden kÃ¶nnen ",C3A182,,,,,Q7|Q8,,,,
DAG2A8,,3,Q2,Abformung,,,,G79CAC,,,,,Q7|Q17|Q8,,,,
G52378,,4,Q2,analoge Abformung,,,,DAG2A8,,,,,Q7|Q17|Q8,,,,
A2G7B9,,5,Q2,Formbau,,,,G52378,,,,,Q7|Q17|Q8,,,,
D51B5G,,6,Q2,Isolierung,Isolieren| Absperren,,"Methode, bei der das originale Objekte durch Auftragen einer Trennschicht vor den verwendeten Abformmaterialien geschÃ¼tzt wird. ",A3G356,,,,,Q7|Q17|Q8,,,,
C1218G,,6,Q2,Abformung (Methode),Abformen,,"Methode, bei der das gewÃ¤hlte Abformmaterial auf das originale Objekt aufgetragen wird, um dessen Form zeichnungsgenau nachzubilden. Dies kann durch Streichen, GieÃen oder DrÃ¼cken erfolgen, je nach Art des verwendeten Abformmaterials.",A3G356,,,,,Q7|Q17|Q8,,,,
CC67B2,,6,Q2,StÃ¼tzkapselbau,,,,A3G356,,,,,Q7|Q17|Q8,,,,
FFA16B,,5,Q3,[Formtyp],[Formart],,,G52378,,,,,Q7|Q8,,,,
G967G1,,6,Q2,Spiegelform,,,,FFA16B,,,,,Q7|Q8,,,,
DC3F7A,,6,Q2,Quetschform,,,,FFA16B,,,,,Q7|Q8,,,,
ADCC8A,,6,Q2,Laminierform,,,,FFA16B,,,,,Q7|Q8,,,,
B1DB9G,,6,Q2,Gussform,,,,FFA16B,,,,,Q7|Q8,,,,
GGA953,,7,Q2,Fallgussform,,,,FFA16B,,,,,Q7|Q8,,,,
C369CB,,7,Q2,Steiggussform,,,,FFA16B,,,,,Q7|Q8,,,,
A15D7G,,6,Q2,Schwenkform,,,,FFA16B,,,,,Q7|Q8,,,,
A2GC16,,6,Q2,Galvanoform,,,,FFA16B,,,,,Q7|Q8,,,,
FBGFC2,,5,Q3,[Formaufbau],,,,G52378,,,,,Q7|Q8,,,,
F7G7CB,,6,Q2,Einteilige Form,,,,FBGFC2,,,,,Q7|Q8,,,,
B2D9C9,,6,Q2,Mehrteilige Form,,,,FBGFC2,,,,,Q7|Q8,,,,
GC14B8,,4,Q2,digitale Abformung,,,,DAG2A8,,,,,Q7|Q8,,,,
B14489,,5,Q2,3D-Scan,,,,GC14B8,,,,,Q7|Q8,,,,
G734B3,,5,Q2,Photogrammetrie,,,,GC14B8,,,,,Q7|Q8,,,,
F8F7CF,,3,Q2,Kopieherstellung,,,"Methode, bei der das gewÃ¤hlte Material, aus dem die Kopie bestehen soll, in die Form eingefÃ¼llt wird. Dies kann durch GieÃen, Aufpinseln, Laminieren erfolgen. Der Kopieherstellung geht die Abformung eines Objektes voraus. ",G79CAC,,DAG2A8,,,Q7|Q8,,,,
D9F7AC,,4,Q2,Formausguss,,,,F8F7CF,,,,,Q7|Q8,,,,
BAB7B1,,4,Q2,Galvanisieren,,,,F8F7CF,,,,,Q7|Q8,,,,
D772G6,,4,Q2,Digitale Kopieerstellung,,,,F8F7CF,,,,,Q7|Q8,,,,
FA2332,,3,Q2,Rekonstruktion (Methode),,,Methode zur Wiederherstellung und/oder Nachbildung eines ursprÃ¼nglichen Zustandes. Die Rekonstruktion kann sowohl auf Grundlage einer analogen als auch einer digitalen Kopie erfolgen.,G79CAC,,,,,Q7|Q8,,,,
G6282F,,4,Q2,RÃ¼ckformung,,,"Umformung einer Kunstharz- oder Galvanokopie zur Herstellung der angenommenen, ursprÃ¼nglichen Form eines Vorbildobjektes.",FA2332,,,,,Q7|Q8,,,,
BDCBC3,,4,Q2,ErgÃ¤nzung,,,Ausbesserung von Fehlstellen einer Kunstharz- oder Galvanokopie nach Vorbild eines originalen Objektes. ,FA2332,,,,,Q7|Q8,,,,
G59852,,3,Q2,Reproduktion (Methode),,,"Methoden zur Nachbildung oder Wiedergabe eines originalen Objektes, das von einer anderen Person angefertigt wurde. Die Methode beinhaltet keine analoge oder digitale Abformung des Objekts. ",G79CAC,,,,,Q7|Q8,,,,
BD7FF8,,3,Q2,Modellanfertigung,,,Methode zur Herstellung von modellhaften Darstellung auf Forschungsergebnissen basierender Gegebenheiten. ,G79CAC,,,,,Q7|Q8,,,,
F1F372,,3,Q2,Kolorierung,Kolorieren|FÃ¤rben,,Methode zur farbigen Fassung einer angefertigten Nachbildung nach originalem Objektvorbild,G79CAC,,,,,Q7|Q8,,,,
C11192,,2,Q3,[Nachbildungsergebnisse],,,struktureller Sammelbegriff fÃ¼r die bei der NachbildungstÃ¤tigkeit entstehenden Objekte,C3A182,,,,,Q7|Q8,,,,
A7FC45,,3,Q2,Kopie ,,,"Durch abformen nachgebildetes Objekt eines Vorbildgegenstandes, welches u.A. zur Erforschung der Typologie, OberflÃ¤cheneigenschaften und/oder Farbgebung des Originals genutzt wird. ",C11192,,,,,Q7|Q8,,,,
B689B6,,4,Q2,Kunstharzkopie,,,,A7FC45,,,,,Q7|Q8,,,,
D2GGAC,,4,Q2,Gipskopie,,,,A7FC45,,,,,Q7|Q8,,,,
D9CC3C,,4,Q2,Galvanoplastik,,,,A7FC45,,,,,Q7|Q8,,,,
D532GF,,3,Q2,Rekonstruktion,,,"Nachgebildetes Objekt, das einen angenommenen, ursprÃ¼nglichen Zustand eines Vorbildgegendstandes wiedergibt. ",C11192,,,,,Q7|Q8,,,,
C5GA26,,3,Q2,Reproduktion,,,"Objekt, welches nach Vorbild eines von einer anderen Person angefertigten Originals hergestellt wurde, ohne das dieses Original im Vorfeld abgeformt wurde",C11192,,,,,Q7|Q8,,,,
F9549F,,3,Q2,Modell,,,"Auf Forschungsergebnissen basierender Nachbau, ohne aktuell extistierendes Vorbild.",C11192,,,,,Q7|Q8,,,,
F5G576,,1,Q2,prÃ¤ventive Konservierung,prÃ¤ventive MaÃnahmen,preventive conservation@en| preventive care@en,"Sammelbegriff fÃ¼r vorbeugende MaÃnahmen zur Vermeidung oder Minimierung von kÃ¼nftigen Schaden, Abbau, Verlust und folglich invasivem Eingriff. Bei der prÃ¤ventiven Konservierung findet lediglich eine passive Einwirkung auf das Objekt statt (vgl. DIN EN 15898:2020-02).",CFGDA3,,,,http://www.wikidata.org/entity/Q125400047,Q7|Q8,,,,
AC16G1,,2,Q2,Verpackung,,,,F5G576,,,,,Q7|Q8,,,,
D78721,,2,Q2,Montage,,,,F5G576,,,,,Q7|Q8,,,,
F285B2,,2,Q2,Risikomanagment,,,,F5G576,,,,,Q7|Q8,,,,
G76B7G,,0,Q2,Technologische Auswertung,Interpretation,,ErlÃ¤uterung und Auslegung der wÃ¤hrend der Untersuchung und Bearbeitung eines Objektes festgestellten Beobachtungen und gewonnenen Erkentnisse hinsichtlich der anzunehmenden antiken Technologien,top,,,,,Q7|Q8,,,,
F8F594,,1,Q2,Herstellungstechnik,,,basierend auf den festgestellten Spuren angenommene Art und Weise wie das Objekt hergestellt worden ist,G76B7G,,,,,Q7|Q8,,,,
F2244D,,1,Q2,Verzierungstechnik,,,"angenommene Methode(n), die zur Ausarbeitung der an dem Objekt festgestellten Verzierungselemente verwendet wurden",G76B7G,,,,,Q7|Q8,,,,
CF3C22,,1,Q2,Verwendungszweck,Gebrauch,,angenommener Zweck fÃ¼r den das Objekt ursprÃ¼nglich verwendet wurde,G76B7G,,,,,Q7|Q8,,,,
DAB4B7,,0,Q2,Handlungsempfehlung,,,"Durch einen fachlich qualifizierten Restaurator formulierte Hinweise zur Handhabung eines Objektes, um dieses nachhaltig vor negativer BeeintrÃ¤chtigung zu schÃ¼tzen und zu erhalten",top,,,,,Q7|Q8,,,,
D1CFD5,,1,Q2,Lagerungsbedingungen,,,,DAB4B7,,,,,Q7|Q8,,,,
D949G6,,1,Q2,Handhabung,HÃ¤ndelbarkeit,,,DAB4B7,,,,,Q7|Q8,,,,
BGG5A6,,1,Q2,Transportbedingungen,,,,DAB4B7,,,,,Q7|Q8,,,,
D6A11G,,1,Q2,Ausstellungsparameter,,,,DAB4B7,,,,,Q7|Q8,,,,
CD5C3F,,1,Q2,Gesundheitsschutz,,,,DAB4B7,,,,,Q7|Q8,,,,
C8CG15,,0,Q2,Dokumentation,,documentation@en| report@en,Sammelbegriff fÃ¼r Aufzeichnungen gemachter Beobachtungen und Handlungen,top,,,,,Q7|Q8,,,,
D3AF3A,,1,Q2,Zustandsbericht,Zustandsbeschreibung|Zustandsdocumentation,condition documentation@en| condition report@en,"Dokumentation der durchgefÃ¼hrten Untersuchungsmethoden, deren Ergebnisse sowie die EinschÃ¤tzung des Erhaltungszustandes eines Objektes zu einem bestimmten Zeitpunkt",C8CG15,,C4BCF8,,,Q7|Q8,http://vocab.getty.edu/page/aat/300435425| http://vocab.getty.edu/page/aat/300266009| http://terminology.lido-schema.org/lido00268,,,
A8D3G1,,1,Q2,MaÃnahmenbericht,Restaurierungsbericht|Restaurierungsprotokoll|MaÃnahmendokumentation,,"Dokumentation des Konservierungs-/Restaurierungskonzeptes, der durchgefÃ¼hrten Konservierungs- und RestaurierungsmaÃnahmen sowie der dabei verwendeten Materialien und Werkzeuge. ",C8CG15,,CFGDA3,,,Q7|Q8,,,,
BAA258,,1,Q2,Auswertungsdokumentation,,,Dokumentation der technologischen Auswertung,C8CG15,,G76B7G,,,Q7|Q8,,,,